First Name,Last Name,Email Address,Phone,Date of Birth,National ID,Gender,Marital Status,Street Address,City,Country,Employment Status,Job Title,Monthly Salary,Health Status
Emma,Watson,emma.watson@mail.com,+1-555-1001,1990-04-15,ID-001-234-567,Female,Single,123 Oak Street,London,United Kingdom,Employed,Actress,45000,Good
Liam,Johnson,liam.j@email.org,+1-555-1002,1985-08-22,ID-002-345-678,Male,Married,456 Pine Avenue,Toronto,Canada,Employed,Software Developer,7500,Diabetes
Sophia,Martinez,sophia.m@gmail.com,+1-555-1003,1992-12-03,ID-003-456-789,Female,Single,789 Maple Drive,Madrid,Spain,Employed,Marketing Specialist,4200,Good
Noah,Williams,noah.w@company.net,+1-555-1004,1978-03-17,ID-004-567-890,Male,Divorced,321 Cedar Lane,Sydney,Australia,Employed,Project Manager,8900,Hypertension
Olivia,Brown,olivia.b@work.com,+1-555-1005,1995-07-29,ID-005-678-901,Female,Single,654 Birch Road,Auckland,New Zealand,Employed,Data Analyst,5100,Good
James,Garcia,james.g@mail.org,+1-555-1006,1982-11-08,ID-006-789-012,Male,Married,987 Elm Street,Chicago,United States,Self-employed,Consultant,12000,Obesity
Isabella,Miller,isabella.m@email.com,+1-555-1007,1988-05-21,ID-007-890-123,Female,Married,147 Walnut Way,Berlin,Germany,Employed,HR Manager,6800,Good
Benjamin,Davis,ben.d@gmail.net,+1-555-1008,1973-09-14,ID-008-901-234,Male,Widowed,258 Spruce Court,Paris,France,Retired,Former Engineer,4500,Heart Disease
Mia,Rodriguez,mia.r@company.org,+1-555-1009,1997-01-30,ID-009-012-345,Female,Single,369 Ash Boulevard,Tokyo,Japan,Employed,Graphic Designer,4800,Anxiety
Ethan,Wilson,ethan.w@work.net,+1-555-1010,1980-06-25,ID-010-123-456,Male,Married,741 Hickory Place,Amsterdam,Netherlands,Employed,Financial Analyst,7200,Good
Charlotte,Anderson,charlotte.a@mail.com,+1-555-1011,1993-10-12,ID-011-234-567,Female,Single,852 Poplar Street,Stockholm,Sweden,Employed,Teacher,3900,Depression
Alexander,Thomas,alex.t@email.org,+1-555-1012,1976-02-08,ID-012-345-678,Male,Divorced,963 Willow Lane,Oslo,Norway,Employed,Architect,8100,Good
Amelia,Jackson,amelia.j@gmail.com,+1-555-1013,1991-04-19,ID-013-456-789,Female,Married,159 Chestnut Drive,Copenhagen,Denmark,Employed,Nurse,4600,Good
Daniel,White,daniel.w@company.com,+1-555-1014,1984-08-06,ID-014-567-890,Male,Single,267 Magnolia Road,Dublin,Ireland,Employed,Sales Manager,6500,Asthma
Harper,Harris,harper.h@work.org,+1-555-1015,1999-12-23,ID-015-678-901,Female,Single,378 Sycamore Avenue,Edinburgh,United Kingdom,Student,Intern,1200,Good
Michael,Martin,michael.m@mail.net,+1-555-1016,1970-07-11,ID-016-789-012,Male,Married,489 Redwood Court,Vienna,Austria,Employed,CEO,25000,Stress
Evelyn,Thompson,evelyn.t@email.com,+1-555-1017,1987-03-28,ID-017-890-123,Female,Single,591 Cypress Way,Zurich,Switzerland,Employed,Pharmacist,9500,Good
Matthew,Garcia,matt.g@gmail.org,+1-555-1018,1979-11-15,ID-018-901-234,Male,Married,602 Sequoia Street,Brussels,Belgium,Self-employed,Lawyer,11000,Migraine
Abigail,Martinez,abby.m@company.net,+1-555-1019,1994-05-02,ID-019-012-345,Female,Engaged,713 Palm Boulevard,Lisbon,Portugal,Employed,Web Developer,4900,Good
William,Robinson,will.r@work.com,+1-555-1020,1968-09-27,ID-020-123-456,Male,Married,824 Olive Lane,Rome,Italy,Employed,Professor,7800,Diabetes
Emily,Clark,emily.c@mail.org,+1-555-1021,1996-01-14,ID-021-234-567,Female,Single,935 Fig Drive,Barcelona,Spain,Employed,Journalist,3700,Good
Joseph,Lewis,joe.l@email.net,+1-555-1022,1983-06-09,ID-022-345-678,Male,Divorced,146 Cherry Road,Munich,Germany,Employed,Mechanical Engineer,6900,Good
Elizabeth,Lee,liz.l@gmail.com,+1-555-1023,1990-10-26,ID-023-456-789,Female,Married,257 Plum Avenue,Helsinki,Finland,Employed,Accountant,5800,Thyroid Disorder
David,Walker,david.w@company.org,+1-555-1024,1975-02-18,ID-024-567-890,Male,Married,368 Peach Court,Warsaw,Poland,Employed,Operations Manager,7100,Hypertension
Scarlett,Hall,scarlett.h@work.net,+1-555-1025,1998-07-05,ID-025-678-901,Female,Single,479 Apricot Way,Prague,Czech Republic,Employed,Social Media Manager,3400,Good
Christopher,Allen,chris.a@mail.com,+1-555-1026,1971-12-30,ID-026-789-012,Male,Widowed,581 Lemon Street,Budapest,Hungary,Retired,Former Director,5500,Arthritis
Grace,Young,grace.y@email.org,+1-555-1027,1989-04-22,ID-027-890-123,Female,Single,692 Orange Boulevard,Athens,Greece,Employed,Research Scientist,6200,Good
Andrew,Hernandez,andrew.h@gmail.net,+1-555-1028,1981-08-17,ID-028-901-234,Male,Married,703 Grape Lane,Bucharest,Romania,Employed,IT Manager,5900,Back Pain
Victoria,King,victoria.k@company.com,+1-555-1029,1993-03-04,ID-029-012-345,Female,Single,814 Berry Drive,Sofia,Bulgaria,Employed,Interior Designer,4100,Good
Joshua,Wright,josh.w@work.org,+1-555-1030,1977-09-21,ID-030-123-456,Male,Divorced,925 Melon Road,Ljubljana,Slovenia,Self-employed,Photographer,4400,None
Chloe,Lopez,chloe.l@mail.net,+1-555-1031,1995-01-08,ID-031-234-567,Female,Engaged,136 Kiwi Avenue,Tallinn,Estonia,Employed,Event Planner,3800,Good
Ryan,Hill,ryan.h@email.com,+1-555-1032,1986-05-25,ID-032-345-678,Male,Single,247 Mango Court,Riga,Latvia,Employed,Product Manager,6700,Anxiety
Lily,Scott,lily.s@gmail.org,+1-555-1033,1992-11-12,ID-033-456-789,Female,Married,358 Papaya Way,Vilnius,Lithuania,Employed,Dentist,7400,Good
Nathan,Green,nathan.g@company.net,+1-555-1034,1974-04-29,ID-034-567-890,Male,Married,469 Coconut Street,Bratislava,Slovakia,Employed,Bank Manager,8200,Cholesterol
Zoey,Adams,zoey.a@work.com,+1-555-1035,1997-08-16,ID-035-678-901,Female,Single,571 Pineapple Boulevard,Zagreb,Croatia,Employed,UX Designer,4500,Good
Tyler,Baker,tyler.b@mail.org,+1-555-1036,1980-02-03,ID-036-789-012,Male,Divorced,682 Banana Lane,Belgrade,Serbia,Employed,Civil Engineer,5700,Good
Hannah,Nelson,hannah.n@email.net,+1-555-1037,1988-06-20,ID-037-890-123,Female,Single,793 Strawberry Drive,Sarajevo,Bosnia and Herzegovina,Employed,Translator,3200,Good
Brandon,Carter,brandon.c@gmail.com,+1-555-1038,1972-10-07,ID-038-901-234,Male,Married,804 Raspberry Road,Skopje,North Macedonia,Employed,General Manager,9100,Diabetes
Audrey,Mitchell,audrey.m@company.org,+1-555-1039,1994-03-24,ID-039-012-345,Female,Single,915 Blueberry Avenue,Podgorica,Montenegro,Employed,Veterinarian,5300,Good
Kevin,Perez,kevin.p@work.net,+1-555-1040,1979-07-11,ID-040-123-456,Male,Married,126 Blackberry Court,Tirana,Albania,Self-employed,Restaurant Owner,6100,Obesity
Natalie,Roberts,natalie.r@mail.com,+1-555-1041,1991-11-28,ID-041-234-567,Female,Engaged,237 Cranberry Way,Nicosia,Cyprus,Employed,Marketing Director,7600,Good
Jason,Turner,jason.t@email.org,+1-555-1042,1983-05-15,ID-042-345-678,Male,Single,348 Gooseberry Street,Valletta,Malta,Employed,Pilot,8800,Good
Samantha,Phillips,sam.p@gmail.net,+1-555-1043,1996-09-02,ID-043-456-789,Female,Single,459 Elderberry Boulevard,Reykjavik,Iceland,Employed,Psychologist,5600,Depression
Justin,Campbell,justin.c@company.com,+1-555-1044,1976-01-19,ID-044-567-890,Male,Divorced,561 Mulberry Lane,Oslo,Norway,Employed,Surgeon,15000,Good
Madison,Parker,madison.p@work.org,+1-555-1045,1990-06-06,ID-045-678-901,Female,Married,672 Boysenberry Drive,Helsinki,Finland,Employed,Biologist,6400,Allergies
Aaron,Evans,aaron.e@mail.net,+1-555-1046,1985-10-23,ID-046-789-012,Male,Married,783 Lingonberry Road,Stockholm,Sweden,Employed,Economist,7900,Good
Brooklyn,Edwards,brooklyn.e@email.com,+1-555-1047,1998-02-09,ID-047-890-123,Female,Single,894 Cloudberry Avenue,Copenhagen,Denmark,Student,Research Assistant,2100,Good
Dylan,Collins,dylan.c@gmail.org,+1-555-1048,1981-07-26,ID-048-901-234,Male,Single,905,Amsterdam,Netherlands,Employed,Electrician,4700,Good
Leah,Stewart,leah.s@company.net,+1-555-1049,1993-12-13,ID-049-012-345,Female,Married,116 Dewberry Court,Dublin,Ireland,Employed,Occupational Therapist,5100,Good
Adam,Morris,adam.m@work.com,+1-555-1050,1969-04-30,ID-050-123-456,Male,Widowed,227 Huckleberry Way,Edinburgh,United Kingdom,Retired,Former Consultant,6000,Arthritis
